insert into brands
values ('70d14389-0a78-4239-aecd-79aa5d824e0d', 'KTM'),
       ('77221405-b41c-4933-9602-b0f05029a312', 'Aprillia'),
       ('88f3f9e3-52d6-4659-a2fe-1b86068c88dc', 'Balkan'),
       ('bdedc173-317a-42e6-9cfb-bd312334cb9a', 'Beta'),
       ('7234cff2-e7b9-4c80-8866-60a817211d30', 'BMW'),
       ('545313f6-8eaa-4cae-a931-a03c111e2c52', 'Ducati'),
       ('e94ed4bb-d7f5-4b87-86a8-2c135b29b5a8', 'GASGAS'),
       ('376b432f-f9bd-453e-b0a7-7cfb5fbe7969', 'Harley-Davidson'),
       ('42f98d9a-92b6-405b-a7fb-f3b9708957d7', 'Honda'),
       ('3bca743c-e1e6-45a2-89af-990501d776ba', 'Husqvarna'),
       ('89a81435-276c-4bc6-a7e9-2358c0d8cc86', 'Kawasaki'),
       ('151b9f9c-4167-49b0-89f1-4796a657c2d5', 'Kymco'),
       ('cc5cae4f-29ef-4826-9953-bf55c06b8d6e', 'MV Agusta'),
       ('ee5b58be-e4ae-4054-9790-ccee42bd0ebe', 'Peugeot'),
       ('bab3385c-b7cf-40ab-95e5-eb073ec976aa', 'Piaggio'),
       ('268c56a9-ff1b-4528-b02b-be585482056a', 'Simson'),
       ('f8945747-e830-4ba2-9c96-e613c0bc8b5c', 'Suzuki'),
       ('f734cf84-ca25-441a-8c6e-604a7b7414ad', 'Yamaha');


insert into models(`id`, `name`, `brand_id`)
values ('70d14389-0a78-4239-aecd-79aa5d824e01', 'SX', '70d14389-0a78-4239-aecd-79aa5d824e0d'),
       ('70d14389-0a78-4239-aecd-79aa5d824e02', 'XC-W', '70d14389-0a78-4239-aecd-79aa5d824e0d'),
       ('70d14389-0a78-4239-aecd-79aa5d824e03', 'XC', '70d14389-0a78-4239-aecd-79aa5d824e0d'),
       ('70d14389-0a78-4239-aecd-79aa5d824e04', 'SX-F', '70d14389-0a78-4239-aecd-79aa5d824e0d'),
       ('70d14389-0a78-4239-aecd-79aa5d824e05', 'EXC-F', '70d14389-0a78-4239-aecd-79aa5d824e0d'),
       ('70d14389-0a78-4239-aecd-79aa5d824e06', 'XC-F', '70d14389-0a78-4239-aecd-79aa5d824e0d'),
       ('70d14389-0a78-4239-aecd-79aa5d824e07', 'ENDURO R', '70d14389-0a78-4239-aecd-79aa5d824e0d'),
       ('70d14389-0a78-4239-aecd-79aa5d824e08', 'DUKE', '70d14389-0a78-4239-aecd-79aa5d824e0d'),
       ('70d14389-0a78-4239-aecd-79aa5d824e09', 'SMX', '70d14389-0a78-4239-aecd-79aa5d824e0d'),
       ('70d14389-0a78-4239-aecd-79aa5d824e10', 'ADVENTURE', '70d14389-0a78-4239-aecd-79aa5d824e0d'),
       ('70d14389-0a78-4239-aecd-79aa5d824e11', 'RC', '70d14389-0a78-4239-aecd-79aa5d824e0d'),
       ('70d14389-0a78-4239-aecd-79aa5d824e12', 'SM', '70d14389-0a78-4239-aecd-79aa5d824e0d'),
       ('70d14389-0a78-4239-aecd-79aa5d824e13', 'SUPER DUKE R', '70d14389-0a78-4239-aecd-79aa5d824e0d'),
       ('70d14389-0a78-4239-aecd-79aa5d824e14', 'DUKE R', '70d14389-0a78-4239-aecd-79aa5d824e0d'),
       ('70d14389-0a78-4239-aecd-79aa5d824e15', 'ADVENTURE R', '70d14389-0a78-4239-aecd-79aa5d824e0d'),
       ('70d14389-0a78-4239-aecd-79aa5d824e16', 'RS', '77221405-b41c-4933-9602-b0f05029a312'),
       ('70d14389-0a78-4239-aecd-79aa5d824e17', 'RSV', '77221405-b41c-4933-9602-b0f05029a312'),
       ('70d14389-0a78-4239-aecd-79aa5d824e18', 'RSW', '77221405-b41c-4933-9602-b0f05029a312'),
       ('70d14389-0a78-4239-aecd-79aa5d824e19', 'RS CUBE', '77221405-b41c-4933-9602-b0f05029a312'),
       ('70d14389-0a78-4239-aecd-79aa5d824e20', 'AF1', '77221405-b41c-4933-9602-b0f05029a312'),
       ('70d14389-0a78-4239-aecd-79aa5d824e21', 'RSV4 Factory', '77221405-b41c-4933-9602-b0f05029a312'),
       ('70d14389-0a78-4239-aecd-79aa5d824e22', 'TUAREG', '77221405-b41c-4933-9602-b0f05029a312'),
       ('70d14389-0a78-4239-aecd-79aa5d824e23', 'SXV', '77221405-b41c-4933-9602-b0f05029a312'),
       ('70d14389-0a78-4239-aecd-79aa5d824e24', 'RXV', '77221405-b41c-4933-9602-b0f05029a312'),
       ('70d14389-0a78-4239-aecd-79aa5d824e25', 'RX', '77221405-b41c-4933-9602-b0f05029a312'),
       ('70d14389-0a78-4239-aecd-79aa5d824e26', 'AMICO', '77221405-b41c-4933-9602-b0f05029a312'),
       ('70d14389-0a78-4239-aecd-79aa5d824e27', 'STORM', '77221405-b41c-4933-9602-b0f05029a312'),
       ('70d14389-0a78-4239-aecd-79aa5d824e28', 'SCARABEO', '77221405-b41c-4933-9602-b0f05029a312'),
       ('70d14389-0a78-4239-aecd-79aa5d824e29', 'SR', '77221405-b41c-4933-9602-b0f05029a312'),
       ('70d14389-0a78-4239-aecd-79aa5d824e30', 'PEGASO', '77221405-b41c-4933-9602-b0f05029a312'),
       ('70d14389-0a78-4239-aecd-79aa5d824e31', 'ETX', '77221405-b41c-4933-9602-b0f05029a312'),
       ('70d14389-0a78-4239-aecd-79aa5d824e32', 'SHIVER', '77221405-b41c-4933-9602-b0f05029a312'),
       ('70d14389-0a78-4239-aecd-79aa5d824e33', 'BALKAN S2', '88f3f9e3-52d6-4659-a2fe-1b86068c88dc'),
       ('70d14389-0a78-4239-aecd-79aa5d824e34', 'BALKAN M', '88f3f9e3-52d6-4659-a2fe-1b86068c88dc'),
       ('70d14389-0a78-4239-aecd-79aa5d824e35', 'BALKAN MK', '88f3f9e3-52d6-4659-a2fe-1b86068c88dc'),
       ('70d14389-0a78-4239-aecd-79aa5d824e36', 'TR', 'bdedc173-317a-42e6-9cfb-bd312334cb9a'),
       ('70d14389-0a78-4239-aecd-79aa5d824e37', 'ZERO', 'bdedc173-317a-42e6-9cfb-bd312334cb9a'),
       ('70d14389-0a78-4239-aecd-79aa5d824e38', 'SUPER TRIAL', 'bdedc173-317a-42e6-9cfb-bd312334cb9a'),
       ('70d14389-0a78-4239-aecd-79aa5d824e39', 'REV', 'bdedc173-317a-42e6-9cfb-bd312334cb9a'),
       ('70d14389-0a78-4239-aecd-79aa5d824e40', 'RR', 'bdedc173-317a-42e6-9cfb-bd312334cb9a'),
       ('70d14389-0a78-4239-aecd-79aa5d824e41', 'RE', 'bdedc173-317a-42e6-9cfb-bd312334cb9a'),
       ('70d14389-0a78-4239-aecd-79aa5d824e42', 'RR-S', 'bdedc173-317a-42e6-9cfb-bd312334cb9a'),
       ('70d14389-0a78-4239-aecd-79aa5d824e43', 'RR-LC', 'bdedc173-317a-42e6-9cfb-bd312334cb9a'),
       ('70d14389-0a78-4239-aecd-79aa5d824e44', 'B', '7234cff2-e7b9-4c80-8866-60a817211d30'),
       ('70d14389-0a78-4239-aecd-79aa5d824e45', 'C', '7234cff2-e7b9-4c80-8866-60a817211d30'),
       ('70d14389-0a78-4239-aecd-79aa5d824e46', 'CS', '7234cff2-e7b9-4c80-8866-60a817211d30'),
       ('70d14389-0a78-4239-aecd-79aa5d824e47', 'GS', '7234cff2-e7b9-4c80-8866-60a817211d30'),
       ('70d14389-0a78-4239-aecd-79aa5d824e48', 'GT-T', '7234cff2-e7b9-4c80-8866-60a817211d30'),
       ('70d14389-0a78-4239-aecd-79aa5d824e49', 'LS', '7234cff2-e7b9-4c80-8866-60a817211d30'),
       ('70d14389-0a78-4239-aecd-79aa5d824e50', 'LT', '7234cff2-e7b9-4c80-8866-60a817211d30'),
       ('70d14389-0a78-4239-aecd-79aa5d824e51', 'RRr', '7234cff2-e7b9-4c80-8866-60a817211d30'),
       ('70d14389-0a78-4239-aecd-79aa5d824e52', 'Rss', '7234cff2-e7b9-4c80-8866-60a817211d30'),
       ('70d14389-0a78-4239-aecd-79aa5d824e54', 'RT', '7234cff2-e7b9-4c80-8866-60a817211d30'),
       ('70d14389-0a78-4239-aecd-79aa5d824e55', 'SSs', '7234cff2-e7b9-4c80-8866-60a817211d30'),
       ('70d14389-0a78-4239-aecd-79aa5d824e56', 'DSERTX', '7234cff2-e7b9-4c80-8866-60a817211d30'),
       ('70d14389-0a78-4239-aecd-79aa5d824e57', 'DIAVEL', '545313f6-8eaa-4cae-a931-a03c111e2c52'),
       ('70d14389-0a78-4239-aecd-79aa5d824e58', 'HYPERMOTARD', '545313f6-8eaa-4cae-a931-a03c111e2c52'),
       ('70d14389-0a78-4239-aecd-79aa5d824e59', 'MONSTER', '545313f6-8eaa-4cae-a931-a03c111e2c52'),
       ('70d14389-0a78-4239-aecd-79aa5d824e60', 'STREETFIGHTER', '545313f6-8eaa-4cae-a931-a03c111e2c52'),
       ('70d14389-0a78-4239-aecd-79aa5d824e61', 'MULTISTRADA', '545313f6-8eaa-4cae-a931-a03c111e2c52'),
       ('70d14389-0a78-4239-aecd-79aa5d824e62', 'PANIGALE', '545313f6-8eaa-4cae-a931-a03c111e2c52'),
       ('70d14389-0a78-4239-aecd-79aa5d824e63', 'SUPERLEGGERA', '545313f6-8eaa-4cae-a931-a03c111e2c52'),
       ('70d14389-0a78-4239-aecd-79aa5d824e64', 'SUPERSPORT', '545313f6-8eaa-4cae-a931-a03c111e2c52'),
       ('70d14389-0a78-4239-aecd-79aa5d824e66', 'EC', 'e94ed4bb-d7f5-4b87-86a8-2c135b29b5a8'),
       ('70d14389-0a78-4239-aecd-79aa5d824e67', 'XCc', 'e94ed4bb-d7f5-4b87-86a8-2c135b29b5a8'),
       ('70d14389-0a78-4239-aecd-79aa5d824e68', 'DE', 'e94ed4bb-d7f5-4b87-86a8-2c135b29b5a8'),
       ('70d14389-0a78-4239-aecd-79aa5d824e69', 'MC', 'e94ed4bb-d7f5-4b87-86a8-2c135b29b5a8'),
       ('70d14389-0a78-4239-aecd-79aa5d824e70', 'ROAD KING', '376b432f-f9bd-453e-b0a7-7cfb5fbe7969'),
       ('70d14389-0a78-4239-aecd-79aa5d824e71', 'ELECTRA', '376b432f-f9bd-453e-b0a7-7cfb5fbe7969'),
       ('70d14389-0a78-4239-aecd-79aa5d824e72', 'HARITAGE', '376b432f-f9bd-453e-b0a7-7cfb5fbe7969'),
       ('70d14389-0a78-4239-aecd-79aa5d824e73', 'DYNA', '376b432f-f9bd-453e-b0a7-7cfb5fbe7969'),
       ('70d14389-0a78-4239-aecd-79aa5d824e74', 'CBR', '376b432f-f9bd-453e-b0a7-7cfb5fbe7969'),
       ('70d14389-0a78-4239-aecd-79aa5d824e75', 'GOLD WING', '42f98d9a-92b6-405b-a7fb-f3b9708957d7'),
       ('70d14389-0a78-4239-aecd-79aa5d824e76', 'VRF', '42f98d9a-92b6-405b-a7fb-f3b9708957d7'),
       ('70d14389-0a78-4239-aecd-79aa5d824e77', 'REBEL', '42f98d9a-92b6-405b-a7fb-f3b9708957d7'),
       ('70d14389-0a78-4239-aecd-79aa5d824e78', 'MSX', '42f98d9a-92b6-405b-a7fb-f3b9708957d7'),
       ('70d14389-0a78-4239-aecd-79aa5d824e79', 'CB', '42f98d9a-92b6-405b-a7fb-f3b9708957d7'),
       ('70d14389-0a78-4239-aecd-79aa5d824e80', 'CRF', '42f98d9a-92b6-405b-a7fb-f3b9708957d7'),
       ('70d14389-0a78-4239-aecd-79aa5d824e81', 'NC', '42f98d9a-92b6-405b-a7fb-f3b9708957d7'),
       ('70d14389-0a78-4239-aecd-79aa5d824e82', 'AFRICA', '42f98d9a-92b6-405b-a7fb-f3b9708957d7'),
       ('70d14389-0a78-4239-aecd-79aa5d824e83', 'VISION', '42f98d9a-92b6-405b-a7fb-f3b9708957d7'),
       ('70d14389-0a78-4239-aecd-79aa5d824e84', 'PCX', '42f98d9a-92b6-405b-a7fb-f3b9708957d7'),
       ('70d14389-0a78-4239-aecd-79aa5d824e85', 'SH', '42f98d9a-92b6-405b-a7fb-f3b9708957d7'),
       ('70d14389-0a78-4239-aecd-79aa5d824e86', 'FC', '3bca743c-e1e6-45a2-89af-990501d776ba'),
       ('70d14389-0a78-4239-aecd-79aa5d824e87', 'TE', '3bca743c-e1e6-45a2-89af-990501d776ba'),
       ('70d14389-0a78-4239-aecd-79aa5d824e88', 'FE', '3bca743c-e1e6-45a2-89af-990501d776ba'),
       ('70d14389-0a78-4239-aecd-79aa5d824e89', 'VITPILEN', '3bca743c-e1e6-45a2-89af-990501d776ba'),
       ('70d14389-0a78-4239-aecd-79aa5d824e90', 'TX', '3bca743c-e1e6-45a2-89af-990501d776ba'),
       ('70d14389-0a78-4239-aecd-79aa5d824e91', 'NINJA', '89a81435-276c-4bc6-a7e9-2358c0d8cc86'),
       ('70d14389-0a78-4239-aecd-79aa5d824e92', 'Z', '89a81435-276c-4bc6-a7e9-2358c0d8cc86'),
       ('70d14389-0a78-4239-aecd-79aa5d824e93', 'VULCAN', '89a81435-276c-4bc6-a7e9-2358c0d8cc86'),
       ('70d14389-0a78-4239-aecd-79aa5d824e94', 'H2R', '89a81435-276c-4bc6-a7e9-2358c0d8cc86'),
       ('70d14389-0a78-4239-aecd-79aa5d824e95', 'ZX-10R', '89a81435-276c-4bc6-a7e9-2358c0d8cc86'),
       ('70d14389-0a78-4239-aecd-79aa5d824e96', 'COBRA', '151b9f9c-4167-49b0-89f1-4796a657c2d5'),
       ('70d14389-0a78-4239-aecd-79aa5d824e97', 'KB', '151b9f9c-4167-49b0-89f1-4796a657c2d5'),
       ('70d14389-0a78-4239-aecd-79aa5d824e98', 'AK', '151b9f9c-4167-49b0-89f1-4796a657c2d5'),
       ('70d14389-0a78-4239-aecd-79aa5d824e99', 'ACTIV', '151b9f9c-4167-49b0-89f1-4796a657c2d5'),
       ('70d14389-0a78-4239-aecd-79aa5d824100', 'CARO', '151b9f9c-4167-49b0-89f1-4796a657c2d5'),
       ('70d14389-0a78-4239-aecd-79aa5d824101', 'CHERRY', '151b9f9c-4167-49b0-89f1-4796a657c2d5'),
       ('70d14389-0a78-4239-aecd-79aa5d824102', 'DINK', '151b9f9c-4167-49b0-89f1-4796a657c2d5'),
       ('70d14389-0a78-4239-aecd-79aa5d824103', 'EASY', '151b9f9c-4167-49b0-89f1-4796a657c2d5'),
       ('70d14389-0a78-4239-aecd-79aa5d824104', 'PEOPLE', '151b9f9c-4167-49b0-89f1-4796a657c2d5'),
       ('70d14389-0a78-4239-aecd-79aa5d824105', 'SENTO', '151b9f9c-4167-49b0-89f1-4796a657c2d5'),
       ('70d14389-0a78-4239-aecd-79aa5d824106', 'RUSH', 'cc5cae4f-29ef-4826-9953-bf55c06b8d6e'),
       ('70d14389-0a78-4239-aecd-79aa5d824107', 'BRUTALE', 'cc5cae4f-29ef-4826-9953-bf55c06b8d6e'),
       ('70d14389-0a78-4239-aecd-79aa5d824108', 'DRAGSTER', 'cc5cae4f-29ef-4826-9953-bf55c06b8d6e'),
       ('70d14389-0a78-4239-aecd-79aa5d824109', 'TURISMO VELOCE', 'cc5cae4f-29ef-4826-9953-bf55c06b8d6e'),
       ('70d14389-0a78-4239-aecd-79aa5d824110', 'F3', 'cc5cae4f-29ef-4826-9953-bf55c06b8d6e'),
       ('70d14389-0a78-4239-aecd-79aa5d824111', 'SUPERVELOCE', 'cc5cae4f-29ef-4826-9953-bf55c06b8d6e'),
       ('70d14389-0a78-4239-aecd-79aa5d824113', 'SC', 'ee5b58be-e4ae-4054-9790-ccee42bd0ebe'),
       ('70d14389-0a78-4239-aecd-79aa5d824114', 'S', 'ee5b58be-e4ae-4054-9790-ccee42bd0ebe'),
       ('70d14389-0a78-4239-aecd-79aa5d824115', 'BUXY', 'ee5b58be-e4ae-4054-9790-ccee42bd0ebe'),
       ('70d14389-0a78-4239-aecd-79aa5d824116', 'RAPIDO', 'ee5b58be-e4ae-4054-9790-ccee42bd0ebe'),
       ('70d14389-0a78-4239-aecd-79aa5d824117', 'SATELIS', 'ee5b58be-e4ae-4054-9790-ccee42bd0ebe'),
       ('70d14389-0a78-4239-aecd-79aa5d824118', 'BELVILE', 'ee5b58be-e4ae-4054-9790-ccee42bd0ebe'),
       ('70d14389-0a78-4239-aecd-79aa5d824119', 'PUISION', 'ee5b58be-e4ae-4054-9790-ccee42bd0ebe'),
       ('70d14389-0a78-4239-aecd-79aa5d824120', 'KISBEE', 'ee5b58be-e4ae-4054-9790-ccee42bd0ebe'),
       ('70d14389-0a78-4239-aecd-79aa5d824121', 'FLY', 'bab3385c-b7cf-40ab-95e5-eb073ec976aa'),
       ('70d14389-0a78-4239-aecd-79aa5d824122', 'BEVERLY', 'bab3385c-b7cf-40ab-95e5-eb073ec976aa'),
       ('70d14389-0a78-4239-aecd-79aa5d824123', 'LIBERTY', 'bab3385c-b7cf-40ab-95e5-eb073ec976aa'),
       ('70d14389-0a78-4239-aecd-79aa5d824124', 'MEDLEY', 'bab3385c-b7cf-40ab-95e5-eb073ec976aa'),
       ('70d14389-0a78-4239-aecd-79aa5d824125', 'VESPA', 'bab3385c-b7cf-40ab-95e5-eb073ec976aa'),
       ('70d14389-0a78-4239-aecd-79aa5d824126', 'SRR', '268c56a9-ff1b-4528-b02b-be585482056a'),
       ('70d14389-0a78-4239-aecd-79aa5d824127', 'AWO', '268c56a9-ff1b-4528-b02b-be585482056a'),
       ('70d14389-0a78-4239-aecd-79aa5d824128', 'SL', '268c56a9-ff1b-4528-b02b-be585482056a'),
       ('70d14389-0a78-4239-aecd-79aa5d824129', 'KR', '268c56a9-ff1b-4528-b02b-be585482056a'),
       ('70d14389-0a78-4239-aecd-79aa5d824130', 'Ss', '268c56a9-ff1b-4528-b02b-be585482056a'),
       ('70d14389-0a78-4239-aecd-79aa5d824131', 'KATANA', 'f8945747-e830-4ba2-9c96-e613c0bc8b5c'),
       ('70d14389-0a78-4239-aecd-79aa5d824132', 'GSV-R', 'f8945747-e830-4ba2-9c96-e613c0bc8b5c'),
       ('70d14389-0a78-4239-aecd-79aa5d824133', 'T', 'f8945747-e830-4ba2-9c96-e613c0bc8b5c'),
       ('70d14389-0a78-4239-aecd-79aa5d824134', 'GT', 'f8945747-e830-4ba2-9c96-e613c0bc8b5c'),
       ('70d14389-0a78-4239-aecd-79aa5d824135', 'AVENIS', 'f8945747-e830-4ba2-9c96-e613c0bc8b5c'),
       ('70d14389-0a78-4239-aecd-79aa5d824136', 'GSX', 'f8945747-e830-4ba2-9c96-e613c0bc8b5c'),
       ('70d14389-0a78-4239-aecd-79aa5d824138', 'HAYABUSA', 'f8945747-e830-4ba2-9c96-e613c0bc8b5c'),
       ('70d14389-0a78-4239-aecd-79aa5d824139', 'RG', 'f8945747-e830-4ba2-9c96-e613c0bc8b5c'),
       ('70d14389-0a78-4239-aecd-79aa5d824140', 'GIXXER', 'f8945747-e830-4ba2-9c96-e613c0bc8b5c'),
       ('70d14389-0a78-4239-aecd-79aa5d824141', 'V-STORM', 'f8945747-e830-4ba2-9c96-e613c0bc8b5c');

insert into parts_categories
values ('2240cd9f-bcba-40c8-a0ab-03fceab5f02a', 'Tyres'),
       ('3c35a23b-c230-4874-835e-648a8005b936', 'Brake System'),
       ('40ccd09a-6167-4c7b-bcfb-cf4d4af4675d', 'Plastics'),
       ('5677c10b-f481-47bf-830c-f160bd28b8e5', 'Accessories'),
       ('8d501921-3045-4667-800b-7420b12d7064', 'Suspension'),
       ('8f1d79b4-e5dd-4b26-82ab-ac520cbb6fbc', 'Engine'),
       ('deae8d73-b6c7-42f6-918c-0748fae51629', 'Oil');

insert into parts_sub_categories
values ('0081678c-3592-4db9-b6cb-e3544ad54d9a', 'Crankshaft', '8f1d79b4-e5dd-4b26-82ab-ac520cbb6fbc'),
       ('1d2d6104-17cb-429c-8188-9c91af4cb107', 'Camps', '8f1d79b4-e5dd-4b26-82ab-ac520cbb6fbc'),
       ('1ef4517b-beb0-45a7-83c6-f6bf4cad76fe', 'Suspension Oil', '8f1d79b4-e5dd-4b26-82ab-ac520cbb6fbc'),
       ('26ed5ef8-0962-44d4-9ae5-0813bc88043a', 'Brake Hose', '8f1d79b4-e5dd-4b26-82ab-ac520cbb6fbc'),
       ('319c1763-83a9-4487-9499-eee4eddf7fde', 'Piston', '8f1d79b4-e5dd-4b26-82ab-ac520cbb6fbc'),
       ('3658ed4e-c035-439c-8930-1d2a2a5a4a9a', 'Brake Device', '8f1d79b4-e5dd-4b26-82ab-ac520cbb6fbc'),
       ('3ea3eb15-d25a-4a25-a3ea-dcc0c6454edc', 'Engine Oil', '8f1d79b4-e5dd-4b26-82ab-ac520cbb6fbc'),
       ('5ffbe51f-123e-444a-a054-8dae80786fbb', 'Springs', '8f1d79b4-e5dd-4b26-82ab-ac520cbb6fbc'),
       ('6d705c9e-9635-491c-8af8-6b571b35c331', 'Cross Tyres', '8f1d79b4-e5dd-4b26-82ab-ac520cbb6fbc'),
       ('712a5fb5-a5b3-4654-ac50-2c452f4c138c', 'Garnishes', '8f1d79b4-e5dd-4b26-82ab-ac520cbb6fbc'),
       ('7fae398f-47c1-4179-ba23-df23e7ffbc7d', 'Segments', '8f1d79b4-e5dd-4b26-82ab-ac520cbb6fbc'),
       ('907fee3f-4f9c-4b05-9ce6-e8e1955b5aa3', 'Valves', '8f1d79b4-e5dd-4b26-82ab-ac520cbb6fbc'),
       ('a7d14482-81b8-4db9-a789-1883036e1842', 'Cylinder', '8f1d79b4-e5dd-4b26-82ab-ac520cbb6fbc'),
       ('c076ed51-e980-4ab5-8620-0f4985766e3e', 'RoadTires', '8f1d79b4-e5dd-4b26-82ab-ac520cbb6fbc'),
       ('c563e693-070f-402f-b8c1-7e3b42929c94', 'Brake Liquid', '8f1d79b4-e5dd-4b26-82ab-ac520cbb6fbc'),
       ('cb495987-2695-491b-88a3-50073fe61c95', 'Rear Shock', '8f1d79b4-e5dd-4b26-82ab-ac520cbb6fbc'),
       ('d2fa7a4f-6882-4ac4-9c79-259630f257da', 'Chain Drive', '8f1d79b4-e5dd-4b26-82ab-ac520cbb6fbc'),
       ('d90d26b5-3c43-4f6d-8586-133e7d789910', 'Transmission Oil', '8f1d79b4-e5dd-4b26-82ab-ac520cbb6fbc'),
       ('d2fa7a4f-6882-4ac4-9c79-259630f257d2', 'Fork', '8f1d79b4-e5dd-4b26-82ab-ac520cbb6fbc'),
       ('f810cb9c-cb90-4cb0-bf3a-c54ddb5c9240', 'Front Shock', '8f1d79b4-e5dd-4b26-82ab-ac520cbb6fbc'),
       ('f9e70fb7-9d9c-4d6c-bdf6-39f02da8a56b', 'Pads', '8f1d79b4-e5dd-4b26-82ab-ac520cbb6fbc');
